Equation,Iteration,Euler Error,Euler Improved Error,RK4 Error,,,,,,Euler Time,Euler Improved Time,RK4 Time,,,,Euler Time,Euler Improved Time,RK4 Time
Equation 1,0,0,0,0,,,,,,0.3625307,0.8610869,1.5833332,,,,0.3625307,0.8610869,1.5833332
Equation 1,1,1.639344262,0,0,,,,,,0.41414,0.9582334,2.02515,,,,0.3625307,0.8610869,1.5833332
Equation 1,2,2.702702703,0,0,,,,,,0.6371404,1.4096553,2.0847871,,,,0.3625307,0.8610869,1.5833332
Equation 1,3,3.370786517,1.25E-14,1.25E-14,,,,,,0.495798,1.6172329,2.0418703,,,,0.3625307,0.8610869,1.5833332
Equation 1,4,3.773584906,0,0,,,,,,0.396761,0.9796013,1.713863,,,,0.3625307,0.8610869,1.5833332
Equation 1,5,4,0,0,,,,,,0.5996707,1.4375546,2.4355609,,,,0.3625307,0.8610869,1.5833332
Equation 1,6,4.109589041,1.52E-14,1.52E-14,,,,,,0.4133615,0.9972812,1.8973432,,,,0.3625307,0.8610869,1.5833332
Equation 1,7,4.142011834,2.63E-14,2.63E-14,,,,,,,,,,,,0.3625307,0.8610869,1.5833332
Equation 1,8,4.12371134,1.14E-14,1.14E-14,,,,,,,,,,,,0.3625307,0.8610869,1.5833332
Equation 1,9,4.07239819,0,0,,,,,,,,,,,,0.3625307,0.8610869,1.5833332
Equation 1,10,4,0,0,,,,,,,,,,,,0.3625307,0.8610869,1.5833332
Equation 1,11,3.914590747,1.58E-14,1.58E-14,,,,,,,,,,,,0.3625307,0.8610869,1.5833332
Equation 1,12,3.821656051,1.41E-14,1.41E-14,,,,,,,,,,,,0.3625307,0.8610869,1.5833332
Equation 1,13,3.724928367,0,0,,,,,,,,,,,,0.3625307,0.8610869,1.5833332
Equation 1,14,3.626943005,0,0,,,,,,,,,,,,0.3625307,0.8610869,1.5833332
Equation 1,15,3.529411765,0,0,,,,,,,,,,,,0.3625307,0.8610869,1.5833332
Equation 1,16,3.433476395,0,0,,,,,,,,,,,,0.3625307,0.8610869,1.5833332
Equation 1,17,3.339882122,1.74E-14,1.74E-14,,,,,,,,,,,,0.3625307,0.8610869,1.5833332
Equation 1,18,3.249097473,1.60E-14,1.60E-14,,,,,,,,,,,,0.3625307,0.8610869,1.5833332
Equation 1,19,3.161397671,2.96E-14,2.96E-14,,,,,,,,,,,,0.3625307,0.8610869,1.5833332
Equation 1,20,3.076923077,0,0,,,,,,,,,,,,0.3625307,0.8610869,1.5833332
Equation 1,21,2.995720399,1.27E-14,1.27E-14,,,,,,,,,,,,0.3625307,0.8610869,1.5833332
Equation 1,22,2.917771883,1.18E-14,1.18E-14,,,,,,,,,,,,0.3625307,0.8610869,1.5833332
Equation 1,23,2.843016069,2.20E-14,2.20E-14,,,,,,,,,,,,0.3625307,0.8610869,1.5833332
Equation 1,24,2.771362587,2.05E-14,2.05E-14,,,,,,,,,,,,0.3625307,0.8610869,1.5833332
Equation 1,25,2.702702703,0,0,,,,,,,,,,,,0.3625307,0.8610869,1.5833332
Equation 1,26,2.636916836,1.80E-14,1.80E-14,,,,,,,,,,,,0.3625307,0.8610869,1.5833332
Equation 1,27,2.573879886,1.69E-14,1.69E-14,,,,,,,,,,,,0.3625307,0.8610869,1.5833332
Equation 1,28,2.513464991,1.59E-14,1.59E-14,,,,,,,,,,,,0.3625307,0.8610869,1.5833332
Equation 1,29,2.455546147,1.50E-14,1.50E-14,,,,,,,,,,,,0.3625307,0.8610869,1.5833332
Equation 1,30,2.4,0,0,,,,,,,,,,,,0.3625307,0.8610869,1.5833332
Equation 1,31,2.34670704,0,0,,,,,,,,,,,,0.3625307,0.8610869,1.5833332
Equation 1,32,2.295552367,0,0,,,,,,,,,,,,0.3625307,0.8610869,1.5833332
Equation 1,33,2.24642614,0,0,,,,,,,,,,,,0.3625307,0.8610869,1.5833332
Equation 1,34,2.199223803,1.15E-14,1.15E-14,,,,,,,,,,,,0.3625307,0.8610869,1.5833332
Equation 1,35,2.153846154,0,0,,,,,,,,,,,,0.3625307,0.8610869,1.5833332
Equation 1,36,2.110199297,0,0,,,,,,,,,,,,0.3625307,0.8610869,1.5833332
Equation 1,37,2.068194522,0,1.99E-14,,,,,,,,,,,,0.3625307,0.8610869,1.5833332
Equation 1,38,2.027748132,1.90E-14,3.79E-14,,,,,,,,,,,,0.3625307,0.8610869,1.5833332
Equation 1,39,1.988781234,0,1.81E-14,,,,,,,,,,,,0.3625307,0.8610869,1.5833332
Equation 1,40,1.951219512,1.73E-14,0,,,,,,,,,,,,0.3625307,0.8610869,1.5833332
Equation 1,41,1.914992994,0,1.66E-14,,,,,,,,,,,,0.3625307,0.8610869,1.5833332
Equation 1,42,1.88003581,0,1.59E-14,,,,,,,,,,,,0.3625307,0.8610869,1.5833332
Equation 1,43,1.84628596,1.53E-14,0,,,,,,,,,,,,0.3625307,0.8610869,1.5833332
Equation 1,44,1.813685078,1.46E-14,2.93E-14,,,,,,,,,,,,0.3625307,0.8610869,1.5833332
Equation 1,45,1.782178218,0,1.41E-14,,,,,,,,,,,,0.3625307,0.8610869,1.5833332
Equation 1,46,1.751713633,1.35E-14,2.71E-14,,,,,,,,,,,,0.3625307,0.8610869,1.5833332
Equation 1,47,1.72224258,0,1.30E-14,,,,,,,,,,,,0.3625307,0.8610869,1.5833332
Equation 1,48,1.693719125,1.25E-14,2.51E-14,,,,,,,,,,,,0.3625307,0.8610869,1.5833332
Equation 1,49,1.666099966,0,1.21E-14,,,,,,,,,,,,0.3625307,0.8610869,1.5833332
Equation 1,50,1.639344262,1.16E-14,0,,,,,,,,,,,,0.3625307,0.8610869,1.5833332
Equation 1,51,1.613413477,1.12E-14,2.25E-14,,,,,,,,,,,,0.3625307,0.8610869,1.5833332
Equation 1,52,1.588271228,0,0,,,,,,,,,,,,0.3625307,0.8610869,1.5833332
Equation 1,53,1.563883151,2.10E-14,2.10E-14,,,,,,,,,,,,0.3625307,0.8610869,1.5833332
Equation 1,54,1.540216771,0,0,,,,,,,,,,,,0.3625307,0.8610869,1.5833332
Equation 1,55,1.517241379,0,0,,,,,,,,,,,,0.3625307,0.8610869,1.5833332
Equation 1,56,1.494927923,1.90E-14,1.90E-14,,,,,,,,,,,,0.3625307,0.8610869,1.5833332
Equation 1,57,1.473248902,1.84E-14,1.84E-14,,,,,,,,,,,,0.3625307,0.8610869,1.5833332
Equation 1,58,1.452178267,3.56E-14,3.56E-14,,,,,,,,,,,,0.3625307,0.8610869,1.5833332
Equation 1,59,1.431691337,1.72E-14,1.72E-14,,,,,,,,,,,,0.3625307,0.8610869,1.5833332
Equation 1,60,1.411764706,0,0,,,,,,,,,,,,0.3625307,0.8610869,1.5833332
Equation 1,61,1.39237617,1.62E-14,1.62E-14,,,,,,,,,,,,0.3625307,0.8610869,1.5833332
Equation 1,62,1.373504652,0,0,,,,,,,,,,,,0.3625307,0.8610869,1.5833332
Equation 1,63,1.355130136,1.53E-14,1.53E-14,,,,,,,,,,,,0.3625307,0.8610869,1.5833332
Equation 1,64,1.337233598,1.48E-14,1.48E-14,,,,,,,,,,,,0.3625307,0.8610869,1.5833332
Equation 1,65,1.319796954,0,0,,,,,,,,,,,,0.3625307,0.8610869,1.5833332
Equation 1,66,1.302803,2.81E-14,2.81E-14,,,,,,,,,,,,0.3625307,0.8610869,1.5833332
Equation 1,67,1.286235362,1.36E-14,1.36E-14,,,,,,,,,,,,0.3625307,0.8610869,1.5833332
Equation 1,68,1.270078446,2.65E-14,2.65E-14,,,,,,,,,,,,0.3625307,0.8610869,1.5833332
Equation 1,69,1.254317397,1.29E-14,1.29E-14,,,,,,,,,,,,0.3625307,0.8610869,1.5833332
Equation 1,70,1.238938053,0,0,,,,,,,,,,,,0.3625307,0.8610869,1.5833332
Equation 1,71,1.223926909,1.22E-14,1.22E-14,,,,,,,,,,,,0.3625307,0.8610869,1.5833332
Equation 1,72,1.209271078,1.19E-14,1.19E-14,,,,,,,,,,,,0.3625307,0.8610869,1.5833332
Equation 1,73,1.194958258,2.33E-14,2.33E-14,,,,,,,,,,,,0.3625307,0.8610869,1.5833332
Equation 1,74,1.1809767,1.13E-14,1.13E-14,,,,,,,,,,,,0.3625307,0.8610869,1.5833332
Equation 1,75,1.167315175,0,0,,,,,,,,,,,,0.3625307,0.8610869,1.5833332
Equation 1,76,1.153962952,4.32E-14,4.32E-14,,,,,,,,,,,,0.3625307,0.8610869,1.5833332
Equation 1,77,1.140909764,0,0,,,,,,,,,,,,0.3625307,0.8610869,1.5833332
Equation 1,78,1.128145791,2.06E-14,2.06E-14,,,,,,,,,,,,0.3625307,0.8610869,1.5833332
Equation 1,79,1.11566163,0,0,,,,,,,,,,,,0.3625307,0.8610869,1.5833332
Equation 1,80,1.103448276,0,0,,,,,,,,,,,,0.3625307,0.8610869,1.5833332
Equation 1,81,1.091497103,0,0,,,,,,,,,,,,0.3625307,0.8610869,1.5833332
Equation 1,82,1.079799842,1.87E-14,1.87E-14,,,,,,,,,,,,0.3625307,0.8610869,1.5833332
Equation 1,83,1.068348565,1.83E-14,1.83E-14,,,,,,,,,,,,0.3625307,0.8610869,1.5833332
Equation 1,84,1.057135666,1.79E-14,1.79E-14,,,,,,,,,,,,0.3625307,0.8610869,1.5833332
Equation 1,85,1.046153846,0,0,,,,,,,,,,,,0.3625307,0.8610869,1.5833332
Equation 1,86,1.035396099,1.71E-14,1.71E-14,,,,,,,,,,,,0.3625307,0.8610869,1.5833332
Equation 1,87,1.024855696,1.67E-14,1.67E-14,,,,,,,,,,,,0.3625307,0.8610869,1.5833332
Equation 1,88,1.01452617,1.64E-14,1.64E-14,,,,,,,,,,,,0.3625307,0.8610869,1.5833332
Equation 1,89,1.004401309,1.60E-14,1.60E-14,,,,,,,,,,,,0.3625307,0.8610869,1.5833332
Equation 1,90,0.994475138,0,0,,,,,,,,,,,,0.3625307,0.8610869,1.5833332
Equation 1,91,0.984741911,0,0,,,,,,,,,,,,0.3625307,0.8610869,1.5833332
Equation 1,92,0.975196099,1.51E-14,1.51E-14,,,,,,,,,,,,0.3625307,0.8610869,1.5833332
Equation 1,93,0.965832381,1.48E-14,1.48E-14,,,,,,,,,,,,0.3625307,0.8610869,1.5833332
Equation 1,94,0.956645634,0,0,,,,,,,,,,,,0.3625307,0.8610869,1.5833332
Equation 1,95,0.947630923,0,0,,,,,,,,,,,,0.3625307,0.8610869,1.5833332
Equation 1,96,0.938783493,2.78E-14,2.78E-14,,,,,,,,,,,,0.3625307,0.8610869,1.5833332
Equation 1,97,0.930098763,1.36E-14,1.36E-14,,,,,,,,,,,,0.3625307,0.8610869,1.5833332
Equation 1,98,0.921572315,1.34E-14,1.34E-14,,,,,,,,,,,,0.3625307,0.8610869,1.5833332
Equation 1,99,0.913199889,1.31E-14,1.31E-14,,,,,,,,,,,,0.3625307,0.8610869,1.5833332
Equation 1,100,0.904977376,0,0,,,,,,,,,,,,0.3625307,0.8610869,1.5833332
Equation 2,0,0,0,0,,,,,,,,,,,,0.41414,0.9582334,2.02515
Equation 2,1,4.385187244,0.287409555,0.000565116,,,,,,,,,,,,0.41414,0.9582334,2.02515
Equation 2,2,7.491015834,0.495023906,0.000973894,,,,,,,,,,,,0.41414,0.9582334,2.02515
Equation 2,3,9.850708065,0.656317587,0.001291959,,,,,,,,,,,,0.41414,0.9582334,2.02515
Equation 2,4,11.7582445,0.789839692,0.001555688,,,,,,,,,,,,0.41414,0.9582334,2.02515
Equation 2,5,13.38324276,0.906351042,0.001786194,,,,,,,,,,,,0.41414,0.9582334,2.02515
Equation 2,6,14.82761476,1.012357099,0.001996249,,,,,,,,,,,,0.41414,0.9582334,2.02515
Equation 2,7,16.15471293,1.111930858,0.002193853,,,,,,,,,,,,0.41414,0.9582334,2.02515
Equation 2,8,17.40500455,1.207695712,0.002384163,,,,,,,,,,,,0.41414,0.9582334,2.02515
Equation 2,9,18.60486483,1.301378105,0.002570577,,,,,,,,,,,,0.41414,0.9582334,2.02515
Equation 2,10,19.77170559,1.39413059,0.002755365,,,,,,,,,,,,0.41414,0.9582334,2.02515
Equation 2,11,20.917075,1.4867275,0.002940056,,,,,,,,,,,,0.41414,0.9582334,2.02515
Equation 2,12,22.04859301,1.579687422,0.003125676,,,,,,,,,,,,0.41414,0.9582334,2.02515
Equation 2,13,23.17119634,1.673352192,0.003312902,,,,,,,,,,,,0.41414,0.9582334,2.02515
Equation 2,14,24.28796172,1.767939328,0.003502168,,,,,,,,,,,,0.41414,0.9582334,2.02515
Equation 2,15,25.40066401,1.863577748,0.003693732,,,,,,,,,,,,0.41414,0.9582334,2.02515
Equation 2,16,26.51016325,1.960332699,0.003887729,,,,,,,,,,,,0.41414,0.9582334,2.02515
Equation 2,17,27.61667856,2.05822356,0.0040842,,,,,,,,,,,,0.41414,0.9582334,2.02515
Equation 2,18,28.71998531,2.157236796,0.004283123,,,,,,,,,,,,0.41414,0.9582334,2.02515
Equation 2,19,29.81955888,2.257335547,0.004484427,,,,,,,,,,,,0.41414,0.9582334,2.02515
Equation 2,20,30.91468065,2.358466823,0.004688012,,,,,,,,,,,,0.41414,0.9582334,2.02515
Equation 2,21,32.00451648,2.460566943,0.004893755,,,,,,,,,,,,0.41414,0.9582334,2.02515
Equation 2,22,33.08817485,2.563565684,0.005101519,,,,,,,,,,,,0.41414,0.9582334,2.02515
Equation 2,23,34.16474974,2.667389431,0.00531116,,,,,,,,,,,,0.41414,0.9582334,2.02515
Equation 2,24,35.23335187,2.771963569,0.005522534,,,,,,,,,,,,0.41414,0.9582334,2.02515
Equation 2,25,36.29313095,2.877214271,0.005735496,,,,,,,,,,,,0.41414,0.9582334,2.02515
Equation 2,26,37.34329106,2.983069826,0.005949905,,,,,,,,,,,,0.41414,0.9582334,2.02515
Equation 2,27,38.38310056,3.089461579,0.006165626,,,,,,,,,,,,0.41414,0.9582334,2.02515
Equation 2,28,39.41189798,3.196324581,0.006382532,,,,,,,,,,,,0.41414,0.9582334,2.02515
Equation 2,29,40.4290946,3.303598,0.006600502,,,,,,,,,,,,0.41414,0.9582334,2.02515
Equation 2,30,41.43417468,3.411225348,0.006819426,,,,,,,,,,,,0.41414,0.9582334,2.02515
Equation 2,31,42.42669393,3.519154559,0.007039201,,,,,,,,,,,,0.41414,0.9582334,2.02515
Equation 2,32,43.40627658,3.627337965,0.007259732,,,,,,,,,,,,0.41414,0.9582334,2.02515
Equation 2,33,44.37261169,3.735732174,0.007480933,,,,,,,,,,,,0.41414,0.9582334,2.02515
Equation 2,34,45.32544873,3.8442979,0.007702727,,,,,,,,,,,,0.41414,0.9582334,2.02515
Equation 2,35,46.26459296,3.952999748,0.007925044,,,,,,,,,,,,0.41414,0.9582334,2.02515
Equation 2,36,47.1899006,4.061805964,0.008147819,,,,,,,,,,,,0.41414,0.9582334,2.02515
Equation 2,37,48.101274,4.170688182,0.008370998,,,,,,,,,,,,0.41414,0.9582334,2.02515
Equation 2,38,48.99865697,4.279621153,0.008594529,,,,,,,,,,,,0.41414,0.9582334,2.02515
Equation 2,39,49.88203027,4.388582483,0.008818368,,,,,,,,,,,,0.41414,0.9582334,2.02515
Equation 2,40,50.75140741,4.497552376,0.009042476,,,,,,,,,,,,0.41414,0.9582334,2.02515
Equation 2,41,51.60683062,4.606513384,0.009266817,,,,,,,,,,,,0.41414,0.9582334,2.02515
Equation 2,42,52.44836725,4.715450173,0.00949136,,,,,,,,,,,,0.41414,0.9582334,2.02515
Equation 2,43,53.27610642,4.824349304,0.009716079,,,,,,,,,,,,0.41414,0.9582334,2.02515
Equation 2,44,54.09015594,4.933199031,0.00994095,,,,,,,,,,,,0.41414,0.9582334,2.02515
Equation 2,45,54.89063961,5.04198911,0.010165953,,,,,,,,,,,,0.41414,0.9582334,2.02515
Equation 2,46,55.67769476,5.150710631,0.010391068,,,,,,,,,,,,0.41414,0.9582334,2.02515
Equation 2,47,56.45147002,5.259355859,0.010616282,,,,,,,,,,,,0.41414,0.9582334,2.02515
Equation 2,48,57.21212342,5.367918099,0.010841579,,,,,,,,,,,,0.41414,0.9582334,2.02515
Equation 2,49,57.95982068,5.476391564,0.011066948,,,,,,,,,,,,0.41414,0.9582334,2.02515
Equation 2,50,58.69473367,5.584771267,0.011292379,,,,,,,,,,,,0.41414,0.9582334,2.02515
Equation 2,51,59.41703909,5.693052916,0.011517863,,,,,,,,,,,,0.41414,0.9582334,2.02515
Equation 2,52,60.12691739,5.801232829,0.011743392,,,,,,,,,,,,0.41414,0.9582334,2.02515
Equation 2,53,60.82455169,5.909307855,0.01196896,,,,,,,,,,,,0.41414,0.9582334,2.02515
Equation 2,54,61.51012697,6.017275298,0.012194561,,,,,,,,,,,,0.41414,0.9582334,2.02515
Equation 2,55,62.18382932,6.125132866,0.01242019,,,,,,,,,,,,0.41414,0.9582334,2.02515
Equation 2,56,62.8458453,6.232878609,0.012645843,,,,,,,,,,,,0.41414,0.9582334,2.02515
Equation 2,57,63.49636141,6.340510877,0.012871516,,,,,,,,,,,,0.41414,0.9582334,2.02515
Equation 2,58,64.13556361,6.448028275,0.013097207,,,,,,,,,,,,0.41414,0.9582334,2.02515
Equation 2,59,64.76363697,6.555429633,0.013322912,,,,,,,,,,,,0.41414,0.9582334,2.02515
Equation 2,60,65.38076529,6.66271397,0.013548629,,,,,,,,,,,,0.41414,0.9582334,2.02515
Equation 2,61,65.98713086,6.769880468,0.013774357,,,,,,,,,,,,0.41414,0.9582334,2.02515
Equation 2,62,66.58291426,6.876928452,0.014000094,,,,,,,,,,,,0.41414,0.9582334,2.02515
Equation 2,63,67.16829411,6.983857366,0.014225838,,,,,,,,,,,,0.41414,0.9582334,2.02515
Equation 2,64,67.74344696,7.090666758,0.014451588,,,,,,,,,,,,0.41414,0.9582334,2.02515
Equation 2,65,68.30854716,7.197356264,0.014677344,,,,,,,,,,,,0.41414,0.9582334,2.02515
Equation 2,66,68.86376676,7.303925596,0.014903104,,,,,,,,,,,,0.41414,0.9582334,2.02515
Equation 2,67,69.40927544,7.410374529,0.015128867,,,,,,,,,,,,0.41414,0.9582334,2.02515
Equation 2,68,69.94524046,7.516702895,0.015354633,,,,,,,,,,,,0.41414,0.9582334,2.02515
Equation 2,69,70.47182657,7.62291057,0.015580402,,,,,,,,,,,,0.41414,0.9582334,2.02515
Equation 2,70,70.98919608,7.728997474,0.015806173,,,,,,,,,,,,0.41414,0.9582334,2.02515
Equation 2,71,71.49750873,7.834963556,0.016031945,,,,,,,,,,,,0.41414,0.9582334,2.02515
Equation 2,72,71.99692177,7.940808797,0.016257718,,,,,,,,,,,,0.41414,0.9582334,2.02515
Equation 2,73,72.48758991,8.046533202,0.016483493,,,,,,,,,,,,0.41414,0.9582334,2.02515
Equation 2,74,72.96966536,8.152136796,0.016709268,,,,,,,,,,,,0.41414,0.9582334,2.02515
Equation 2,75,73.44329783,8.257619621,0.016935043,,,,,,,,,,,,0.41414,0.9582334,2.02515
Equation 2,76,73.90863453,8.362981735,0.01716082,,,,,,,,,,,,0.41414,0.9582334,2.02515
Equation 2,77,74.36582021,8.468223208,0.017386596,,,,,,,,,,,,0.41414,0.9582334,2.02515
Equation 2,78,74.81499721,8.573344121,0.017612372,,,,,,,,,,,,0.41414,0.9582334,2.02515
Equation 2,79,75.25630542,8.678344564,0.017838149,,,,,,,,,,,,0.41414,0.9582334,2.02515
Equation 2,80,75.68988237,8.783224634,0.018063925,,,,,,,,,,,,0.41414,0.9582334,2.02515
Equation 2,81,76.11586323,8.887984434,0.018289702,,,,,,,,,,,,0.41414,0.9582334,2.02515
Equation 2,82,76.53438087,8.992624073,0.018515478,,,,,,,,,,,,0.41414,0.9582334,2.02515
Equation 2,83,76.94556585,9.097143665,0.018741254,,,,,,,,,,,,0.41414,0.9582334,2.02515
Equation 2,84,77.34954648,9.201543327,0.018967029,,,,,,,,,,,,0.41414,0.9582334,2.02515
Equation 2,85,77.74644887,9.305823179,0.019192804,,,,,,,,,,,,0.41414,0.9582334,2.02515
Equation 2,86,78.13639691,9.409983344,0.019418579,,,,,,,,,,,,0.41414,0.9582334,2.02515
Equation 2,87,78.51951237,9.514023948,0.019644354,,,,,,,,,,,,0.41414,0.9582334,2.02515
Equation 2,88,78.89591489,9.617945117,0.019870128,,,,,,,,,,,,0.41414,0.9582334,2.02515
Equation 2,89,79.26572203,9.721746979,0.020095902,,,,,,,,,,,,0.41414,0.9582334,2.02515
Equation 2,90,79.6290493,9.825429665,0.020321675,,,,,,,,,,,,0.41414,0.9582334,2.02515
Equation 2,91,79.98601021,9.928993305,0.020547448,,,,,,,,,,,,0.41414,0.9582334,2.02515
Equation 2,92,80.33671626,10.03243803,0.02077322,,,,,,,,,,,,0.41414,0.9582334,2.02515
Equation 2,93,80.68127702,10.13576397,0.020998992,,,,,,,,,,,,0.41414,0.9582334,2.02515
Equation 2,94,81.01980016,10.23897127,0.021224763,,,,,,,,,,,,0.41414,0.9582334,2.02515
Equation 2,95,81.35239144,10.34206005,0.021450534,,,,,,,,,,,,0.41414,0.9582334,2.02515
Equation 2,96,81.6791548,10.44503044,0.021676305,,,,,,,,,,,,0.41414,0.9582334,2.02515
Equation 2,97,82.00019233,10.54788259,0.021902075,,,,,,,,,,,,0.41414,0.9582334,2.02515
Equation 2,98,82.31560436,10.65061662,0.022127844,,,,,,,,,,,,0.41414,0.9582334,2.02515
Equation 2,99,82.62548944,10.75323268,0.022353613,,,,,,,,,,,,0.41414,0.9582334,2.02515
Equation 2,100,82.92994443,10.85573088,0.022579382,,,,,,,,,,,,0.41414,0.9582334,2.02515
Equation 3,0,0,0,0,,,,,,,,,,,,0.6371404,1.4096553,2.0847871
Equation 3,1,4,0.48,0.002388629,,,,,,,,,,,,0.6371404,1.4096553,2.0847871
Equation 3,2,10.72,1.594476277,0.011615888,,,,,,,,,,,,0.6371404,1.4096553,2.0847871
Equation 3,3,22.766848,4.660711128,0.062858831,,,,,,,,,,,,0.6371404,1.4096553,2.0847871
Equation 3,4,46.47102458,16.19208987,0.699839154,,,,,,,,,,,,0.6371404,1.4096553,2.0847871
Equation 3,5,nan,nan,nan,,,,,,,,,,,,0.6371404,1.4096553,2.0847871
Equation 3,6,249.7221001,3835.849995,1.0174E+13,,,,,,,,,,,,0.6371404,1.4096553,2.0847871
Equation 3,7,847.778345,205500628.4,1.07E+174,,,,,,,,,,,,0.6371404,1.4096553,2.0847871
Equation 3,8,5415.460917,1.67E+26,inf,,,,,,,,,,,,0.6371404,1.4096553,2.0847871
Equation 3,9,132761.169,1.93E+97,inf,,,,,,,,,,,,0.6371404,1.4096553,2.0847871
Equation 3,10,55162757,inf,inf,,,,,,,,,,,,0.6371404,1.4096553,2.0847871
Equation 3,11,7.30307E+12,inf,inf,,,,,,,,,,,,0.6371404,1.4096553,2.0847871
Equation 3,12,1.04E+23,inf,inf,,,,,,,,,,,,0.6371404,1.4096553,2.0847871
Equation 3,13,1.76E+43,inf,inf,,,,,,,,,,,,0.6371404,1.4096553,2.0847871
Equation 3,14,4.34E+83,inf,inf,,,,,,,,,,,,0.6371404,1.4096553,2.0847871
Equation 3,15,2.32E+164,inf,inf,,,,,,,,,,,,0.6371404,1.4096553,2.0847871
Equation 3,16,inf,inf,inf,,,,,,,,,,,,0.6371404,1.4096553,2.0847871
Equation 3,17,inf,inf,inf,,,,,,,,,,,,0.6371404,1.4096553,2.0847871
Equation 3,18,inf,inf,inf,,,,,,,,,,,,0.6371404,1.4096553,2.0847871
Equation 3,19,inf,inf,inf,,,,,,,,,,,,0.6371404,1.4096553,2.0847871
Equation 3,20,inf,inf,inf,,,,,,,,,,,,0.6371404,1.4096553,2.0847871
Equation 3,21,inf,inf,inf,,,,,,,,,,,,0.6371404,1.4096553,2.0847871
Equation 3,22,inf,inf,inf,,,,,,,,,,,,0.6371404,1.4096553,2.0847871
Equation 3,23,inf,inf,inf,,,,,,,,,,,,0.6371404,1.4096553,2.0847871
Equation 3,24,inf,inf,inf,,,,,,,,,,,,0.6371404,1.4096553,2.0847871
Equation 3,25,inf,inf,inf,,,,,,,,,,,,0.6371404,1.4096553,2.0847871
Equation 3,26,inf,inf,inf,,,,,,,,,,,,0.6371404,1.4096553,2.0847871
Equation 3,27,inf,inf,inf,,,,,,,,,,,,0.6371404,1.4096553,2.0847871
Equation 3,28,inf,inf,inf,,,,,,,,,,,,0.6371404,1.4096553,2.0847871
Equation 3,29,inf,inf,inf,,,,,,,,,,,,0.6371404,1.4096553,2.0847871
Equation 3,30,inf,inf,inf,,,,,,,,,,,,0.6371404,1.4096553,2.0847871
Equation 3,31,inf,inf,inf,,,,,,,,,,,,0.6371404,1.4096553,2.0847871
Equation 3,32,inf,inf,inf,,,,,,,,,,,,0.6371404,1.4096553,2.0847871
Equation 3,33,inf,inf,inf,,,,,,,,,,,,0.6371404,1.4096553,2.0847871
Equation 3,34,inf,inf,inf,,,,,,,,,,,,0.6371404,1.4096553,2.0847871
Equation 3,35,inf,inf,inf,,,,,,,,,,,,0.6371404,1.4096553,2.0847871
Equation 3,36,inf,inf,inf,,,,,,,,,,,,0.6371404,1.4096553,2.0847871
Equation 3,37,inf,inf,inf,,,,,,,,,,,,0.6371404,1.4096553,2.0847871
Equation 3,38,inf,inf,inf,,,,,,,,,,,,0.6371404,1.4096553,2.0847871
Equation 3,39,inf,inf,inf,,,,,,,,,,,,0.6371404,1.4096553,2.0847871
Equation 3,40,inf,inf,inf,,,,,,,,,,,,0.6371404,1.4096553,2.0847871
Equation 3,41,inf,inf,inf,,,,,,,,,,,,0.6371404,1.4096553,2.0847871
Equation 3,42,inf,inf,inf,,,,,,,,,,,,0.6371404,1.4096553,2.0847871
Equation 3,43,inf,inf,inf,,,,,,,,,,,,0.6371404,1.4096553,2.0847871
Equation 3,44,inf,inf,inf,,,,,,,,,,,,0.6371404,1.4096553,2.0847871
Equation 3,45,inf,inf,inf,,,,,,,,,,,,0.6371404,1.4096553,2.0847871
Equation 3,46,inf,inf,inf,,,,,,,,,,,,0.6371404,1.4096553,2.0847871
Equation 3,47,inf,inf,inf,,,,,,,,,,,,0.6371404,1.4096553,2.0847871
Equation 3,48,inf,inf,inf,,,,,,,,,,,,0.6371404,1.4096553,2.0847871
Equation 3,49,inf,inf,inf,,,,,,,,,,,,0.6371404,1.4096553,2.0847871
Equation 3,50,inf,inf,inf,,,,,,,,,,,,0.6371404,1.4096553,2.0847871
Equation 3,51,inf,inf,inf,,,,,,,,,,,,0.6371404,1.4096553,2.0847871
Equation 3,52,inf,inf,inf,,,,,,,,,,,,0.6371404,1.4096553,2.0847871
Equation 3,53,inf,inf,inf,,,,,,,,,,,,0.6371404,1.4096553,2.0847871
Equation 3,54,inf,inf,inf,,,,,,,,,,,,0.6371404,1.4096553,2.0847871
Equation 3,55,inf,inf,inf,,,,,,,,,,,,0.6371404,1.4096553,2.0847871
Equation 3,56,inf,inf,inf,,,,,,,,,,,,0.6371404,1.4096553,2.0847871
Equation 3,57,inf,inf,inf,,,,,,,,,,,,0.6371404,1.4096553,2.0847871
Equation 3,58,inf,inf,inf,,,,,,,,,,,,0.6371404,1.4096553,2.0847871
Equation 3,59,inf,inf,inf,,,,,,,,,,,,0.6371404,1.4096553,2.0847871
Equation 3,60,inf,inf,inf,,,,,,,,,,,,0.6371404,1.4096553,2.0847871
Equation 3,61,inf,inf,inf,,,,,,,,,,,,0.6371404,1.4096553,2.0847871
Equation 3,62,inf,inf,inf,,,,,,,,,,,,0.6371404,1.4096553,2.0847871
Equation 3,63,inf,inf,inf,,,,,,,,,,,,0.6371404,1.4096553,2.0847871
Equation 3,64,inf,inf,inf,,,,,,,,,,,,0.6371404,1.4096553,2.0847871
Equation 3,65,inf,inf,inf,,,,,,,,,,,,0.6371404,1.4096553,2.0847871
Equation 3,66,inf,inf,inf,,,,,,,,,,,,0.6371404,1.4096553,2.0847871
Equation 3,67,inf,inf,inf,,,,,,,,,,,,0.6371404,1.4096553,2.0847871
Equation 3,68,inf,inf,inf,,,,,,,,,,,,0.6371404,1.4096553,2.0847871
Equation 3,69,inf,inf,inf,,,,,,,,,,,,0.6371404,1.4096553,2.0847871
Equation 3,70,inf,inf,inf,,,,,,,,,,,,0.6371404,1.4096553,2.0847871
Equation 3,71,inf,inf,inf,,,,,,,,,,,,0.6371404,1.4096553,2.0847871
Equation 3,72,inf,inf,inf,,,,,,,,,,,,0.6371404,1.4096553,2.0847871
Equation 3,73,inf,inf,inf,,,,,,,,,,,,0.6371404,1.4096553,2.0847871
Equation 3,74,inf,inf,inf,,,,,,,,,,,,0.6371404,1.4096553,2.0847871
Equation 3,75,inf,inf,inf,,,,,,,,,,,,0.6371404,1.4096553,2.0847871
Equation 3,76,inf,inf,inf,,,,,,,,,,,,0.6371404,1.4096553,2.0847871
Equation 3,77,inf,inf,inf,,,,,,,,,,,,0.6371404,1.4096553,2.0847871
Equation 3,78,inf,inf,inf,,,,,,,,,,,,0.6371404,1.4096553,2.0847871
Equation 3,79,inf,inf,inf,,,,,,,,,,,,0.6371404,1.4096553,2.0847871
Equation 3,80,inf,inf,inf,,,,,,,,,,,,0.6371404,1.4096553,2.0847871
Equation 3,81,inf,inf,inf,,,,,,,,,,,,0.6371404,1.4096553,2.0847871
Equation 3,82,inf,inf,inf,,,,,,,,,,,,0.6371404,1.4096553,2.0847871
Equation 3,83,inf,inf,inf,,,,,,,,,,,,0.6371404,1.4096553,2.0847871
Equation 3,84,inf,inf,inf,,,,,,,,,,,,0.6371404,1.4096553,2.0847871
Equation 3,85,inf,inf,inf,,,,,,,,,,,,0.6371404,1.4096553,2.0847871
Equation 3,86,inf,inf,inf,,,,,,,,,,,,0.6371404,1.4096553,2.0847871
Equation 3,87,inf,inf,inf,,,,,,,,,,,,0.6371404,1.4096553,2.0847871
Equation 3,88,inf,inf,inf,,,,,,,,,,,,0.6371404,1.4096553,2.0847871
Equation 3,89,inf,inf,inf,,,,,,,,,,,,0.6371404,1.4096553,2.0847871
Equation 3,90,inf,inf,inf,,,,,,,,,,,,0.6371404,1.4096553,2.0847871
Equation 3,91,inf,inf,inf,,,,,,,,,,,,0.6371404,1.4096553,2.0847871
Equation 3,92,inf,inf,inf,,,,,,,,,,,,0.6371404,1.4096553,2.0847871
Equation 3,93,inf,inf,inf,,,,,,,,,,,,0.6371404,1.4096553,2.0847871
Equation 3,94,inf,inf,inf,,,,,,,,,,,,0.6371404,1.4096553,2.0847871
Equation 3,95,inf,inf,inf,,,,,,,,,,,,0.6371404,1.4096553,2.0847871
Equation 3,96,inf,inf,inf,,,,,,,,,,,,0.6371404,1.4096553,2.0847871
Equation 3,97,inf,inf,inf,,,,,,,,,,,,0.6371404,1.4096553,2.0847871
Equation 3,98,inf,inf,inf,,,,,,,,,,,,0.6371404,1.4096553,2.0847871
Equation 3,99,inf,inf,inf,,,,,,,,,,,,0.6371404,1.4096553,2.0847871
Equation 3,100,inf,inf,inf,,,,,,,,,,,,0.6371404,1.4096553,2.0847871
Equation 4,0,0,0,0,,,,,,,,,,,,0.495798,1.6172329,2.0418703
Equation 4,1,2.215080457,0.144161922,0.000143456,,,,,,,,,,,,0.495798,1.6172329,2.0418703
Equation 4,2,4.291237399,0.311018933,0.000344399,,,,,,,,,,,,0.495798,1.6172329,2.0418703
Equation 4,3,6.118179845,0.489293192,0.000578289,,,,,,,,,,,,0.495798,1.6172329,2.0418703
Equation 4,4,7.585427744,0.665197698,0.000806219,,,,,,,,,,,,0.495798,1.6172329,2.0418703
Equation 4,5,8.595635001,0.825497853,0.00099195,,,,,,,,,,,,0.495798,1.6172329,2.0418703
Equation 4,6,9.075636832,0.960392525,0.001117232,,,,,,,,,,,,0.495798,1.6172329,2.0418703
Equation 4,7,8.985464999,1.065375099,0.001185914,,,,,,,,,,,,0.495798,1.6172329,2.0418703
Equation 4,8,8.326032935,1.141503718,0.001215697,,,,,,,,,,,,0.495798,1.6172329,2.0418703
Equation 4,9,7.145894253,1.193935727,0.001225259,,,,,,,,,,,,0.495798,1.6172329,2.0418703
Equation 4,10,5.546457375,1.229094865,0.001226606,,,,,,,,,,,,0.495798,1.6172329,2.0418703
Equation 4,11,3.683574934,1.251331212,0.001226268,,,,,,,,,,,,0.495798,1.6172329,2.0418703
Equation 4,12,1.762115095,1.260243304,0.001229809,,,,,,,,,,,,0.495798,1.6172329,2.0418703
Equation 4,13,0.019897879,1.249784794,0.001240946,,,,,,,,,,,,0.495798,1.6172329,2.0418703
Equation 4,14,1.300740512,1.209779709,0.00125317,,,,,,,,,,,,0.495798,1.6172329,2.0418703
Equation 4,15,1.991127852,1.129608699,0.001242452,,,,,,,,,,,,0.495798,1.6172329,2.0418703
Equation 4,16,1.915886227,1.002903307,0.001173002,,,,,,,,,,,,0.495798,1.6172329,2.0418703
Equation 4,17,1.041735916,0.831503865,0.001018369,,,,,,,,,,,,0.495798,1.6172329,2.0418703
Equation 4,18,0.555736832,0.627018112,0.000784579,,,,,,,,,,,,0.495798,1.6172329,2.0418703
Equation 4,19,2.711452075,0.40911614,0.000515823,,,,,,,,,,,,0.495798,1.6172329,2.0418703
Equation 4,20,5.210435627,0.200944126,0.000274646,,,,,,,,,,,,0.495798,1.6172329,2.0418703
Equation 4,21,7.834412688,0.023227577,0.000109051,,,,,,,,,,,,0.495798,1.6172329,2.0418703
Equation 4,22,10.40142494,0.110776421,3.00E-05,,,,,,,,,,,,0.495798,1.6172329,2.0418703
Equation 4,23,12.78967387,0.197642283,1.40E-05,,,,,,,,,,,,0.495798,1.6172329,2.0418703
Equation 4,24,14.94385333,0.242738246,2.51E-05,,,,,,,,,,,,0.495798,1.6172329,2.0418703
Equation 4,25,16.86737312,0.256459505,3.70E-05,,,,,,,,,,,,0.495798,1.6172329,2.0418703
Equation 4,26,18.60581999,0.249404339,4.14E-05,,,,,,,,,,,,0.495798,1.6172329,2.0418703
Equation 4,27,20.22668206,0.22837059,4.12E-05,,,,,,,,,,,,0.495798,1.6172329,2.0418703
Equation 4,28,21.79926268,0.194489638,4.21E-05,,,,,,,,,,,,0.495798,1.6172329,2.0418703
Equation 4,29,23.37770202,0.143856592,5.01E-05,,,,,,,,,,,,0.495798,1.6172329,2.0418703
Equation 4,30,24.98919262,0.070101871,7.65E-05,,,,,,,,,,,,0.495798,1.6172329,2.0418703
Equation 4,31,26.62856457,0.032213132,0.000139246,,,,,,,,,,,,0.495798,1.6172329,2.0418703
Equation 4,32,28.25928986,0.164603564,0.000256908,,,,,,,,,,,,0.495798,1.6172329,2.0418703
Equation 4,33,29.81979202,0.323020177,0.000435674,,,,,,,,,,,,0.495798,1.6172329,2.0418703
Equation 4,34,31.23310841,0.497995588,0.000660091,,,,,,,,,,,,0.495798,1.6172329,2.0418703
Equation 4,35,32.41772805,0.676447161,0.000895479,,,,,,,,,,,,0.495798,1.6172329,2.0418703
Equation 4,36,33.29784717,0.844541014,0.001102255,,,,,,,,,,,,0.495798,1.6172329,2.0418703
Equation 4,37,33.81210189,0.990756296,0.001253407,,,,,,,,,,,,0.495798,1.6172329,2.0418703
Equation 4,38,33.92068102,1.108257397,0.001343981,,,,,,,,,,,,0.495798,1.6172329,2.0418703
Equation 4,39,33.61125346,1.195869947,0.001387461,,,,,,,,,,,,0.495798,1.6172329,2.0418703
Equation 4,40,32.9041625,1.257323485,0.00140353,,,,,,,,,,,,0.495798,1.6172329,2.0418703
Equation 4,41,31.85680234,1.298910832,0.001407297,,,,,,,,,,,,0.495798,1.6172329,2.0418703
Equation 4,42,30.56612381,1.326231154,0.001407001,,,,,,,,,,,,0.495798,1.6172329,2.0418703
Equation 4,43,29.16714737,1.341090369,0.001408246,,,,,,,,,,,,0.495798,1.6172329,2.0418703
Equation 4,44,27.82477545,1.339752394,0.001416189,,,,,,,,,,,,0.495798,1.6172329,2.0418703
Equation 4,45,26.71685085,1.31342603,0.001429817,,,,,,,,,,,,0.495798,1.6172329,2.0418703
Equation 4,46,26.00885504,1.251137306,0.001432653,,,,,,,,,,,,0.495798,1.6172329,2.0418703
Equation 4,47,25.82456207,1.144191777,0.001391977,,,,,,,,,,,,0.495798,1.6172329,2.0418703
Equation 4,48,26.22068891,0.990658831,0.001274308,,,,,,,,,,,,0.495798,1.6172329,2.0418703
Equation 4,49,27.17456812,0.798091308,0.00107008,,,,,,,,,,,,0.495798,1.6172329,2.0418703
Equation 4,50,28.59042902,0.583208153,0.000808615,,,,,,,,,,,,0.495798,1.6172329,2.0418703
Equation 4,51,30.3230214,0.368378662,0.000548568,,,,,,,,,,,,0.495798,1.6172329,2.0418703
Equation 4,52,32.21069173,0.176027932,0.000347842,,,,,,,,,,,,0.495798,1.6172329,2.0418703
Equation 4,53,34.10735082,0.022977561,0.00023404,,,,,,,,,,,,0.495798,1.6172329,2.0418703
Equation 4,54,35.9050135,0.083195534,0.00019608,,,,,,,,,,,,0.495798,1.6172329,2.0418703
Equation 4,55,37.54355718,0.14453161,0.000199998,,,,,,,,,,,,0.495798,1.6172329,2.0418703
Equation 4,56,39.00889421,0.169897446,0.000213584,,,,,,,,,,,,0.495798,1.6172329,2.0418703
Equation 4,57,40.32311818,0.170369889,0.00022117,,,,,,,,,,,,0.495798,1.6172329,2.0418703
Equation 4,58,41.53050067,0.154688762,0.000222226,,,,,,,,,,,,0.495798,1.6172329,2.0418703
Equation 4,59,42.68253826,0.126402123,0.000221991,,,,,,,,,,,,0.495798,1.6172329,2.0418703
Equation 4,60,43.82445359,0.083479134,0.000226088,,,,,,,,,,,,0.495798,1.6172329,2.0418703
Equation 4,61,44.9849138,0.020186161,0.000242995,,,,,,,,,,,,0.495798,1.6172329,2.0418703
Equation 4,62,46.17011442,0.069710102,0.00028814,,,,,,,,,,,,0.495798,1.6172329,2.0418703
Equation 4,63,47.36262085,0.189646774,0.000381209,,,,,,,,,,,,0.495798,1.6172329,2.0418703
Equation 4,64,48.52449677,0.337978136,0.000535096,,,,,,,,,,,,0.495798,1.6172329,2.0418703
Equation 4,65,49.60350831,0.507363279,0.000743856,,,,,,,,,,,,0.495798,1.6172329,2.0418703
Equation 4,66,50.54082847,0.685928431,0.000979626,,,,,,,,,,,,0.495798,1.6172329,2.0418703
Equation 4,67,51.27878849,0.85978207,0.001202652,,,,,,,,,,,,0.495798,1.6172329,2.0418703
Equation 4,68,51.76772685,1.016105206,0.001378867,,,,,,,,,,,,0.495798,1.6172329,2.0418703
Equation 4,69,51.97162562,1.145910049,0.00149383,,,,,,,,,,,,0.495798,1.6172329,2.0418703
Equation 4,70,51.87272883,1.245660818,0.001554552,,,,,,,,,,,,0.495798,1.6172329,2.0418703
Equation 4,71,51.4755162,1.317248955,0.001579765,,,,,,,,,,,,0.495798,1.6172329,2.0418703
Equation 4,72,50.81017916,1.366260386,0.001587311,,,,,,,,,,,,0.495798,1.6172329,2.0418703
Equation 4,73,49.93515303,1.398990595,0.001587991,,,,,,,,,,,,0.495798,1.6172329,2.0418703
Equation 4,74,48.93747217,1.419135673,0.001587908,,,,,,,,,,,,0.495798,1.6172329,2.0418703
Equation 4,75,47.92907979,1.425347943,0.001592613,,,,,,,,,,,,0.495798,1.6172329,2.0418703
Equation 4,76,47.03725818,1.410724891,0.001604818,,,,,,,,,,,,0.495798,1.6172329,2.0418703
Equation 4,77,46.388562,1.364729407,0.001615353,,,,,,,,,,,,0.495798,1.6172329,2.0418703
Equation 4,78,46.08813066,1.27714255,0.001597332,,,,,,,,,,,,0.495798,1.6172329,2.0418703
Equation 4,79,46.19923136,1.142755299,0.001514765,,,,,,,,,,,,0.495798,1.6172329,2.0418703
Equation 4,80,46.72964916,0.965019744,0.001345293,,,,,,,,,,,,0.495798,1.6172329,2.0418703
Equation 4,81,47.63042169,0.757086956,0.001101661,,,,,,,,,,,,0.495798,1.6172329,2.0418703
Equation 4,82,48.8082297,0.539558278,0.000833151,,,,,,,,,,,,0.495798,1.6172329,2.0418703
Equation 4,83,50.14748934,0.335551024,0.000602173,,,,,,,,,,,,0.495798,1.6172329,2.0418703
Equation 4,84,51.53482278,0.16480018,0.00045148,,,,,,,,,,,,0.495798,1.6172329,2.0418703
Equation 4,85,52.87881189,0.038964128,0.000385352,,,,,,,,,,,,0.495798,1.6172329,2.0418703
Equation 4,86,54.12101057,0.040175551,0.000376377,,,,,,,,,,,,0.495798,1.6172329,2.0418703
Equation 4,87,55.23786308,0.079137868,0.000388928,,,,,,,,,,,,0.495798,1.6172329,2.0418703
Equation 4,88,56.23561339,0.088671212,0.000399753,,,,,,,,,,,,0.495798,1.6172329,2.0418703
Equation 4,89,57.1410631,0.078951272,0.000403009,,,,,,,,,,,,0.495798,1.6172329,2.0418703
Equation 4,90,57.99074643,0.055874688,0.00040263,,,,,,,,,,,,0.495798,1.6172329,2.0418703
Equation 4,91,58.82049815,0.019617681,0.00040418,,,,,,,,,,,,0.495798,1.6172329,2.0418703
Equation 4,92,59.65687875,0.034349447,0.000414327,,,,,,,,,,,,0.495798,1.6172329,2.0418703
Equation 4,93,60.51148537,0.11247008,0.000445404,,,,,,,,,,,,0.495798,1.6172329,2.0418703
Equation 4,94,61.37867654,0.219696725,0.000516271,,,,,,,,,,,,0.495798,1.6172329,2.0418703
Equation 4,95,62.2366307,0.356676205,0.000644295,,,,,,,,,,,,0.495798,1.6172329,2.0418703
Equation 4,96,63.05105785,0.518396738,0.000832447,,,,,,,,,,,,0.495798,1.6172329,2.0418703
Equation 4,97,63.78048744,0.694635757,0.001061493,,,,,,,,,,,,0.495798,1.6172329,2.0418703
Equation 4,98,64.38199795,0.871989519,0.001294695,,,,,,,,,,,,0.495798,1.6172329,2.0418703
Equation 4,99,64.81652189,1.036829827,0.001493455,,,,,,,,,,,,0.495798,1.6172329,2.0418703
Equation 4,100,65.05330916,1.178306749,0.001634151,,,,,,,,,,,,0.495798,1.6172329,2.0418703
Equation 5,0,0,0,0,,,,,,,,,,,,0.396761,0.9796013,1.713863
Equation 5,1,3.697744245,0.166661533,0.00042244,,,,,,,,,,,,0.396761,0.9796013,1.713863
Equation 5,2,7.925031299,0.423000462,0.001307089,,,,,,,,,,,,0.396761,0.9796013,1.713863
Equation 5,3,12.69015746,0.796180884,0.002996694,,,,,,,,,,,,0.396761,0.9796013,1.713863
Equation 5,4,17.96918766,1.314996711,0.005989164,,,,,,,,,,,,0.396761,0.9796013,1.713863
Equation 5,5,23.70711858,2.009071414,0.010971213,,,,,,,,,,,,0.396761,0.9796013,1.713863
Equation 5,6,29.82080684,2.907980979,0.018851994,,,,,,,,,,,,0.396761,0.9796013,1.713863
Equation 5,7,36.20371327,4.04029962,0.030796048,,,,,,,,,,,,0.396761,0.9796013,1.713863
Equation 5,8,42.73228226,5.432577387,0.048254954,,,,,,,,,,,,0.396761,0.9796013,1.713863
Equation 5,9,49.27355311,7.108269163,0.072997116,,,,,,,,,,,,0.396761,0.9796013,1.713863
Equation 5,10,55.69341858,9.086645221,0.107135166,,,,,,,,,,,,0.396761,0.9796013,1.713863
Equation 5,11,61.86483356,11.38172369,0.153150454,,,,,,,,,,,,0.396761,0.9796013,1.713863
Equation 5,12,67.67525287,14.00127412,0.21391414,,,,,,,,,,,,0.396761,0.9796013,1.713863
Equation 5,13,73.03264945,16.94594799,0.292704325,,,,,,,,,,,,0.396761,0.9796013,1.713863
Equation 5,14,77.86962308,20.20859518,0.393218706,,,,,,,,,,,,0.396761,0.9796013,1.713863
Equation 5,15,82.14533185,23.77382455,0.519582141,,,,,,,,,,,,0.396761,0.9796013,1.713863
Equation 5,16,85.84523014,27.61786125,0.67634852,,,,,,,,,,,,0.396761,0.9796013,1.713863
Equation 5,17,88.97883812,31.70874203,0.86849626,,,,,,,,,,,,0.396761,0.9796013,1.713863
Equation 5,18,91.57596434,36.00687418,1.101416758,,,,,,,,,,,,0.396761,0.9796013,1.713863
Equation 5,19,93.68192739,40.46596301,1.380895043,,,,,,,,,,,,0.396761,0.9796013,1.713863
Equation 5,20,95.35236416,45.03428929,1.713081941,,,,,,,,,,,,0.396761,0.9796013,1.713863
Equation 5,21,96.64817207,49.6562928,2.10445699,,,,,,,,,,,,0.396761,0.9796013,1.713863
Equation 5,22,97.63102906,54.27439394,2.561781464,,,,,,,,,,,,0.396761,0.9796013,1.713863
Equation 5,23,98.3597912,58.83096397,3.092040869,,,,,,,,,,,,0.396761,0.9796013,1.713863
Equation 5,24,98.88791166,63.27033874,3.702376432,,,,,,,,,,,,0.396761,0.9796013,1.713863
Equation 5,25,99.26188242,67.54076231,4.400005226,,,,,,,,,,,,0.396761,0.9796013,1.713863
Equation 5,26,99.52058793,71.59614757,5.192128796,,,,,,,,,,,,0.396761,0.9796013,1.713863
Equation 5,27,99.69538875,75.3975506,6.0858304,,,,,,,,,,,,0.396761,0.9796013,1.713863
Equation 5,28,99.81072295,78.91427434,7.087961276,,,,,,,,,,,,0.396761,0.9796013,1.713863
Equation 5,29,99.88501761,82.12454367,8.205016734,,,,,,,,,,,,0.396761,0.9796013,1.713863
Equation 5,30,99.93173204,85.01572465,9.443003233,,,,,,,,,,,,0.396761,0.9796013,1.713863
Equation 5,31,99.96039682,87.58409463,10.80729811,,,,,,,,,,,,0.396761,0.9796013,1.713863
Equation 5,32,99.9775586,89.83420172,12.30250405,,,,,,,,,,,,0.396761,0.9796013,1.713863
Equation 5,33,99.98758177,91.77787994,13.93230094,,,,,,,,,,,,0.396761,0.9796013,1.713863
Equation 5,34,99.99329117,93.43300725,15.69929822,,,,,,,,,,,,0.396761,0.9796013,1.713863
Equation 5,35,99.99646246,94.82210565,17.6048913,,,,,,,,,,,,0.396761,0.9796013,1.713863
Equation 5,36,99.99817981,95.97088528,19.64912611,,,,,,,,,,,,0.396761,0.9796013,1.713863
Equation 5,37,99.99908632,96.9068279,21.83057607,,,,,,,,,,,,0.396761,0.9796013,1.713863
Equation 5,38,99.99955267,97.65789131,24.14623626,,,,,,,,,,,,0.396761,0.9796013,1.713863
Equation 5,39,99.99978644,98.2513967,26.59143928,,,,,,,,,,,,0.396761,0.9796013,1.713863
Equation 5,40,99.9999006,98.71313835,29.15979778,,,,,,,,,,,,0.396761,0.9796013,1.713863
Equation 5,41,99.9999549,99.06673285,31.8431778,,,,,,,,,,,,0.396761,0.9796013,1.713863
Equation 5,42,99.99998006,99.33320386,34.63170703,,,,,,,,,,,,0.396761,0.9796013,1.713863
Equation 5,43,99.99999141,99.53078193,37.51382136,,,,,,,,,,,,0.396761,0.9796013,1.713863
Equation 5,44,99.9999964,99.67488679,40.47635192,,,,,,,,,,,,0.396761,0.9796013,1.713863
Equation 5,45,99.99999853,99.77825262,43.50465397,,,,,,,,,,,,0.396761,0.9796013,1.713863
Equation 5,46,99.99999941,99.85115503,46.58277766,,,,,,,,,,,,0.396761,0.9796013,1.713863
Equation 5,47,99.99999977,99.90170048,49.69367901,,,,,,,,,,,,0.396761,0.9796013,1.713863
Equation 5,48,99.99999991,99.93614396,52.81946809,,,,,,,,,,,,0.396761,0.9796013,1.713863
Equation 5,49,99.99999997,99.95920756,55.94168973,,,,,,,,,,,,0.396761,0.9796013,1.713863
Equation 5,50,99.99999999,99.97437995,59.04163053,,,,,,,,,,,,0.396761,0.9796013,1.713863
Equation 5,51,100,99.98418387,62.10064444,,,,,,,,,,,,0.396761,0.9796013,1.713863
Equation 5,52,100,99.99040511,65.10048803,,,,,,,,,,,,0.396761,0.9796013,1.713863
Equation 5,53,100,99.99428127,68.02365575,,,,,,,,,,,,0.396761,0.9796013,1.713863
Equation 5,54,100,99.99665202,70.85370467,,,,,,,,,,,,0.396761,0.9796013,1.713863
Equation 5,55,100,99.99807517,73.57555828,,,,,,,,,,,,0.396761,0.9796013,1.713863
Equation 5,56,100,99.99891348,76.17577933,,,,,,,,,,,,0.396761,0.9796013,1.713863
Equation 5,57,100,99.99939796,78.64280226,,,,,,,,,,,,0.396761,0.9796013,1.713863
Equation 5,58,100,99.99967261,80.96711744,,,,,,,,,,,,0.396761,0.9796013,1.713863
Equation 5,59,100,99.99982531,83.14140084,,,,,,,,,,,,0.396761,0.9796013,1.713863
Equation 5,60,100,99.99990856,85.16058506,,,,,,,,,,,,0.396761,0.9796013,1.713863
Equation 5,61,100,99.99995305,87.02186987,,,,,,,,,,,,0.396761,0.9796013,1.713863
Equation 5,62,100,99.99997636,88.72467295,,,,,,,,,,,,0.396761,0.9796013,1.713863
Equation 5,63,100,99.99998833,90.2705237,,,,,,,,,,,,0.396761,0.9796013,1.713863
Equation 5,64,100,99.99999435,91.66290573,,,,,,,,,,,,0.396761,0.9796013,1.713863
Equation 5,65,100,99.99999732,92.90705513,,,,,,,,,,,,0.396761,0.9796013,1.713863
Equation 5,66,100,99.99999876,94.00972361,,,,,,,,,,,,0.396761,0.9796013,1.713863
Equation 5,67,100,99.99999943,94.97891655,,,,,,,,,,,,0.396761,0.9796013,1.713863
Equation 5,68,100,99.99999975,95.82361661,,,,,,,,,,,,0.396761,0.9796013,1.713863
Equation 5,69,100,99.99999989,96.55350357,,,,,,,,,,,,0.396761,0.9796013,1.713863
Equation 5,70,100,99.99999995,97.17868052,,,,,,,,,,,,0.396761,0.9796013,1.713863
Equation 5,71,100,99.99999998,97.70941565,,,,,,,,,,,,0.396761,0.9796013,1.713863
Equation 5,72,100,99.99999999,98.15590723,,,,,,,,,,,,0.396761,0.9796013,1.713863
Equation 5,73,100,100,98.52807788,,,,,,,,,,,,0.396761,0.9796013,1.713863
Equation 5,74,100,100,98.83540238,,,,,,,,,,,,0.396761,0.9796013,1.713863
Equation 5,75,100,100,99.08677102,,,,,,,,,,,,0.396761,0.9796013,1.713863
Equation 5,76,100,100,99.29038919,,,,,,,,,,,,0.396761,0.9796013,1.713863
Equation 5,77,100,100,99.45371172,,,,,,,,,,,,0.396761,0.9796013,1.713863
Equation 5,78,100,100,99.58340947,,,,,,,,,,,,0.396761,0.9796013,1.713863
Equation 5,79,100,100,99.68536442,,,,,,,,,,,,0.396761,0.9796013,1.713863
Equation 5,80,100,100,99.76468876,,,,,,,,,,,,0.396761,0.9796013,1.713863
Equation 5,81,100,100,99.82576325,,,,,,,,,,,,0.396761,0.9796013,1.713863
Equation 5,82,100,100,99.87228987,,,,,,,,,,,,0.396761,0.9796013,1.713863
Equation 5,83,100,100,99.90735412,,,,,,,,,,,,0.396761,0.9796013,1.713863
Equation 5,84,100,100,99.93349272,,,,,,,,,,,,0.396761,0.9796013,1.713863
Equation 5,85,100,100,99.95276303,,,,,,,,,,,,0.396761,0.9796013,1.713863
Equation 5,86,100,100,99.96681112,,,,,,,,,,,,0.396761,0.9796013,1.713863
Equation 5,87,100,100,99.97693628,,,,,,,,,,,,0.396761,0.9796013,1.713863
Equation 5,88,100,100,99.98415029,,,,,,,,,,,,0.396761,0.9796013,1.713863
Equation 5,89,100,100,99.98923045,,,,,,,,,,,,0.396761,0.9796013,1.713863
Equation 5,90,100,100,99.99276585,,,,,,,,,,,,0.396761,0.9796013,1.713863
Equation 5,91,100,100,99.99519689,,,,,,,,,,,,0.396761,0.9796013,1.713863
Equation 5,92,100,100,99.99684839,,,,,,,,,,,,0.396761,0.9796013,1.713863
Equation 5,93,100,100,99.99795662,,,,,,,,,,,,0.396761,0.9796013,1.713863
Equation 5,94,100,100,99.99869111,,,,,,,,,,,,0.396761,0.9796013,1.713863
Equation 5,95,100,100,99.99917181,,,,,,,,,,,,0.396761,0.9796013,1.713863
Equation 5,96,100,100,99.99948245,,,,,,,,,,,,0.396761,0.9796013,1.713863
Equation 5,97,100,100,99.99968061,,,,,,,,,,,,0.396761,0.9796013,1.713863
Equation 5,98,100,100,99.9998054,,,,,,,,,,,,0.396761,0.9796013,1.713863
Equation 5,99,100,100,99.99988294,,,,,,,,,,,,0.396761,0.9796013,1.713863
Equation 5,100,100,100,99.9999305,,,,,,,,,,,,0.396761,0.9796013,1.713863
Equation 6,0,0,0,0,,,,,,,,,,,,0.5996707,1.4375546,2.4355609
Equation 6,1,0,0,0,,,,,,,,,,,,0.5996707,1.4375546,2.4355609
Equation 6,2,0,0,0,,,,,,,,,,,,0.5996707,1.4375546,2.4355609
Equation 6,3,0,0,0,,,,,,,,,,,,0.5996707,1.4375546,2.4355609
Equation 6,4,0,0,0,,,,,,,,,,,,0.5996707,1.4375546,2.4355609
Equation 6,5,0,0,0,,,,,,,,,,,,0.5996707,1.4375546,2.4355609
Equation 6,6,0,0,0,,,,,,,,,,,,0.5996707,1.4375546,2.4355609
Equation 6,7,0,0,0,,,,,,,,,,,,0.5996707,1.4375546,2.4355609
Equation 6,8,0,0,0,,,,,,,,,,,,0.5996707,1.4375546,2.4355609
Equation 6,9,0,0,0,,,,,,,,,,,,0.5996707,1.4375546,2.4355609
Equation 6,10,0,0,0,,,,,,,,,,,,0.5996707,1.4375546,2.4355609
Equation 6,11,0,0,0,,,,,,,,,,,,0.5996707,1.4375546,2.4355609
Equation 6,12,0,0,0,,,,,,,,,,,,0.5996707,1.4375546,2.4355609
Equation 6,13,0,0,0,,,,,,,,,,,,0.5996707,1.4375546,2.4355609
Equation 6,14,0,0,0,,,,,,,,,,,,0.5996707,1.4375546,2.4355609
Equation 6,15,0,0,0,,,,,,,,,,,,0.5996707,1.4375546,2.4355609
Equation 6,16,0,0,0,,,,,,,,,,,,0.5996707,1.4375546,2.4355609
Equation 6,17,0,0,0,,,,,,,,,,,,0.5996707,1.4375546,2.4355609
Equation 6,18,0,0,0,,,,,,,,,,,,0.5996707,1.4375546,2.4355609
Equation 6,19,0,0,0,,,,,,,,,,,,0.5996707,1.4375546,2.4355609
Equation 6,20,0,0,0,,,,,,,,,,,,0.5996707,1.4375546,2.4355609
Equation 6,21,0,0,0,,,,,,,,,,,,0.5996707,1.4375546,2.4355609
Equation 6,22,0,0,0,,,,,,,,,,,,0.5996707,1.4375546,2.4355609
Equation 6,23,0,0,0,,,,,,,,,,,,0.5996707,1.4375546,2.4355609
Equation 6,24,0,0,0,,,,,,,,,,,,0.5996707,1.4375546,2.4355609
Equation 6,25,0,0,0,,,,,,,,,,,,0.5996707,1.4375546,2.4355609
Equation 6,26,0,0,0,,,,,,,,,,,,0.5996707,1.4375546,2.4355609
Equation 6,27,0,0,0,,,,,,,,,,,,0.5996707,1.4375546,2.4355609
Equation 6,28,0,0,0,,,,,,,,,,,,0.5996707,1.4375546,2.4355609
Equation 6,29,0,0,0,,,,,,,,,,,,0.5996707,1.4375546,2.4355609
Equation 6,30,0,0,0,,,,,,,,,,,,0.5996707,1.4375546,2.4355609
Equation 6,31,0,0,0,,,,,,,,,,,,0.5996707,1.4375546,2.4355609
Equation 6,32,0,0,0,,,,,,,,,,,,0.5996707,1.4375546,2.4355609
Equation 6,33,0,0,0,,,,,,,,,,,,0.5996707,1.4375546,2.4355609
Equation 6,34,0,0,0,,,,,,,,,,,,0.5996707,1.4375546,2.4355609
Equation 6,35,0,0,0,,,,,,,,,,,,0.5996707,1.4375546,2.4355609
Equation 6,36,0,0,0,,,,,,,,,,,,0.5996707,1.4375546,2.4355609
Equation 6,37,0,0,0,,,,,,,,,,,,0.5996707,1.4375546,2.4355609
Equation 6,38,0,0,0,,,,,,,,,,,,0.5996707,1.4375546,2.4355609
Equation 6,39,0,0,0,,,,,,,,,,,,0.5996707,1.4375546,2.4355609
Equation 6,40,0,0,0,,,,,,,,,,,,0.5996707,1.4375546,2.4355609
Equation 6,41,0,0,0,,,,,,,,,,,,0.5996707,1.4375546,2.4355609
Equation 6,42,0,0,0,,,,,,,,,,,,0.5996707,1.4375546,2.4355609
Equation 6,43,0,0,0,,,,,,,,,,,,0.5996707,1.4375546,2.4355609
Equation 6,44,0,0,0,,,,,,,,,,,,0.5996707,1.4375546,2.4355609
Equation 6,45,0,0,0,,,,,,,,,,,,0.5996707,1.4375546,2.4355609
Equation 6,46,0,0,0,,,,,,,,,,,,0.5996707,1.4375546,2.4355609
Equation 6,47,0,0,0,,,,,,,,,,,,0.5996707,1.4375546,2.4355609
Equation 6,48,0,0,0,,,,,,,,,,,,0.5996707,1.4375546,2.4355609
Equation 6,49,0,0,0,,,,,,,,,,,,0.5996707,1.4375546,2.4355609
Equation 6,50,0,0,0,,,,,,,,,,,,0.5996707,1.4375546,2.4355609
Equation 6,51,0,0,0,,,,,,,,,,,,0.5996707,1.4375546,2.4355609
Equation 6,52,0,0,0,,,,,,,,,,,,0.5996707,1.4375546,2.4355609
Equation 6,53,0,0,0,,,,,,,,,,,,0.5996707,1.4375546,2.4355609
Equation 6,54,0,0,0,,,,,,,,,,,,0.5996707,1.4375546,2.4355609
Equation 6,55,0,0,0,,,,,,,,,,,,0.5996707,1.4375546,2.4355609
Equation 6,56,0,0,0,,,,,,,,,,,,0.5996707,1.4375546,2.4355609
Equation 6,57,0,0,0,,,,,,,,,,,,0.5996707,1.4375546,2.4355609
Equation 6,58,0,0,0,,,,,,,,,,,,0.5996707,1.4375546,2.4355609
Equation 6,59,0,0,0,,,,,,,,,,,,0.5996707,1.4375546,2.4355609
Equation 6,60,0,0,0,,,,,,,,,,,,0.5996707,1.4375546,2.4355609
Equation 6,61,0,0,0,,,,,,,,,,,,0.5996707,1.4375546,2.4355609
Equation 6,62,0,0,0,,,,,,,,,,,,0.5996707,1.4375546,2.4355609
Equation 6,63,0,0,0,,,,,,,,,,,,0.5996707,1.4375546,2.4355609
Equation 6,64,0,0,0,,,,,,,,,,,,0.5996707,1.4375546,2.4355609
Equation 6,65,0,0,0,,,,,,,,,,,,0.5996707,1.4375546,2.4355609
Equation 6,66,0,0,0,,,,,,,,,,,,0.5996707,1.4375546,2.4355609
Equation 6,67,0,0,0,,,,,,,,,,,,0.5996707,1.4375546,2.4355609
Equation 6,68,0,0,0,,,,,,,,,,,,0.5996707,1.4375546,2.4355609
Equation 6,69,0,0,0,,,,,,,,,,,,0.5996707,1.4375546,2.4355609
Equation 6,70,0,0,0,,,,,,,,,,,,0.5996707,1.4375546,2.4355609
Equation 6,71,0,0,0,,,,,,,,,,,,0.5996707,1.4375546,2.4355609
Equation 6,72,0,0,0,,,,,,,,,,,,0.5996707,1.4375546,2.4355609
Equation 6,73,0,0,0,,,,,,,,,,,,0.5996707,1.4375546,2.4355609
Equation 6,74,0,0,0,,,,,,,,,,,,0.5996707,1.4375546,2.4355609
Equation 6,75,0,0,0,,,,,,,,,,,,0.5996707,1.4375546,2.4355609
Equation 6,76,0,0,0,,,,,,,,,,,,0.5996707,1.4375546,2.4355609
Equation 6,77,0,0,0,,,,,,,,,,,,0.5996707,1.4375546,2.4355609
Equation 6,78,0,0,0,,,,,,,,,,,,0.5996707,1.4375546,2.4355609
Equation 6,79,0,0,0,,,,,,,,,,,,0.5996707,1.4375546,2.4355609
Equation 6,80,0,0,0,,,,,,,,,,,,0.5996707,1.4375546,2.4355609
Equation 6,81,0,0,0,,,,,,,,,,,,0.5996707,1.4375546,2.4355609
Equation 6,82,0,0,0,,,,,,,,,,,,0.5996707,1.4375546,2.4355609
Equation 6,83,0,0,0,,,,,,,,,,,,0.5996707,1.4375546,2.4355609
Equation 6,84,0,0,0,,,,,,,,,,,,0.5996707,1.4375546,2.4355609
Equation 6,85,0,0,0,,,,,,,,,,,,0.5996707,1.4375546,2.4355609
Equation 6,86,0,0,0,,,,,,,,,,,,0.5996707,1.4375546,2.4355609
Equation 6,87,0,0,0,,,,,,,,,,,,0.5996707,1.4375546,2.4355609
Equation 6,88,0,0,0,,,,,,,,,,,,0.5996707,1.4375546,2.4355609
Equation 6,89,0,0,0,,,,,,,,,,,,0.5996707,1.4375546,2.4355609
Equation 6,90,0,0,0,,,,,,,,,,,,0.5996707,1.4375546,2.4355609
Equation 6,91,0,0,0,,,,,,,,,,,,0.5996707,1.4375546,2.4355609
Equation 6,92,0,0,0,,,,,,,,,,,,0.5996707,1.4375546,2.4355609
Equation 6,93,0,0,0,,,,,,,,,,,,0.5996707,1.4375546,2.4355609
Equation 6,94,0,0,0,,,,,,,,,,,,0.5996707,1.4375546,2.4355609
Equation 6,95,0,0,0,,,,,,,,,,,,0.5996707,1.4375546,2.4355609
Equation 6,96,0,0,0,,,,,,,,,,,,0.5996707,1.4375546,2.4355609
Equation 6,97,0,0,0,,,,,,,,,,,,0.5996707,1.4375546,2.4355609
Equation 6,98,0,0,0,,,,,,,,,,,,0.5996707,1.4375546,2.4355609
Equation 6,99,0,0,0,,,,,,,,,,,,0.5996707,1.4375546,2.4355609
Equation 6,100,0,0,0,,,,,,,,,,,,0.5996707,1.4375546,2.4355609
Equation 7,0,0,0,0,,,,,,,,,,,,0.4133615,0.9972812,1.8973432
Equation 7,1,1.838636266,0.124591009,0.000253281,,,,,,,,,,,,0.4133615,0.9972812,1.8973432
Equation 7,2,2.832801847,0.194330095,0.000394749,,,,,,,,,,,,0.4133615,0.9972812,1.8973432
Equation 7,3,3.204323053,0.222522459,0.000451667,,,,,,,,,,,,0.4133615,0.9972812,1.8973432
Equation 7,4,3.180024258,0.223543675,0.000453389,,,,,,,,,,,,0.4133615,0.9972812,1.8973432
Equation 7,5,2.938814632,0.209112144,0.000423791,,,,,,,,,,,,0.4133615,0.9972812,1.8973432
Equation 7,6,2.601276477,0.187348145,0.00037939,,,,,,,,,,,,0.4133615,0.9972812,1.8973432
Equation 7,7,2.239878048,0.163276545,0.000330388,,,,,,,,,,,,0.4133615,0.9972812,1.8973432
Equation 7,8,1.893802316,0.139717672,0.000282498,,,,,,,,,,,,0.4133615,0.9972812,1.8973432
Equation 7,9,1.581497878,0.118081896,0.000238567,,,,,,,,,,,,0.4133615,0.9972812,1.8973432
Equation 7,10,1.309447798,0.098942218,0.000199744,,,,,,,,,,,,0.4133615,0.9972812,1.8973432
Equation 7,11,1.077712411,0.082405432,0.00016623,,,,,,,,,,,,0.4133615,0.9972812,1.8973432
Equation 7,12,0.883218292,0.068337845,0.000137746,,,,,,,,,,,,0.4133615,0.9972812,1.8973432
Equation 7,13,0.721616404,0.056496386,0.000113789,,,,,,,,,,,,0.4133615,0.9972812,1.8973432
Equation 7,14,0.588280842,0.046601598,9.38E-05,,,,,,,,,,,,0.4133615,0.9972812,1.8973432
Equation 7,15,0.478810355,0.038376227,7.72E-05,,,,,,,,,,,,0.4133615,0.9972812,1.8973432
Equation 7,16,0.389251217,0.03156401,6.34E-05,,,,,,,,,,,,0.4133615,0.9972812,1.8973432
Equation 7,17,0.316169288,0.025937384,5.21E-05,,,,,,,,,,,,0.4133615,0.9972812,1.8973432
Equation 7,18,0.25664442,0.021299208,4.27E-05,,,,,,,,,,,,0.4133615,0.9972812,1.8973432
Equation 7,19,0.208228179,0.017481438,3.50E-05,,,,,,,,,,,,0.4133615,0.9972812,1.8973432
Equation 7,20,0.168887276,0.014342388,2.87E-05,,,,,,,,,,,,0.4133615,0.9972812,1.8973432
Equation 7,21,0.136944504,0.011763511,2.35E-05,,,,,,,,,,,,0.4133615,0.9972812,1.8973432
Equation 7,22,0.111022991,0.00964615,1.93E-05,,,,,,,,,,,,0.4133615,0.9972812,1.8973432
Equation 7,23,0.089996334,0.007908527,1.58E-05,,,,,,,,,,,,0.4133615,0.9972812,1.8973432
Equation 7,24,0.072945361,0.006483046,1.29E-05,,,,,,,,,,,,0.4133615,0.9972812,1.8973432
Equation 7,25,0.059121405,0.005313955,1.06E-05,,,,,,,,,,,,0.4133615,0.9972812,1.8973432
Equation 7,26,0.047915511,0.004355338,8.68E-06,,,,,,,,,,,,0.4133615,0.9972812,1.8973432
Equation 7,27,0.038832878,0.003569432,7.11E-06,,,,,,,,,,,,0.4133615,0.9972812,1.8973432
Equation 7,28,0.031471761,0.002925199,5.82E-06,,,,,,,,,,,,0.4133615,0.9972812,1.8973432
Equation 7,29,0.025506164,0.002397151,4.77E-06,,,,,,,,,,,,0.4133615,0.9972812,1.8973432
Equation 7,30,0.020671662,0.001964367,3.90E-06,,,,,,,,,,,,0.4133615,0.9972812,1.8973432
Equation 7,31,0.016753848,0.001609682,3.20E-06,,,,,,,,,,,,0.4133615,0.9972812,1.8973432
Equation 7,32,0.013578907,0.001319015,2.62E-06,,,,,,,,,,,,0.4133615,0.9972812,1.8973432
Equation 7,33,0.011005955,0.001080819,2.14E-06,,,,,,,,,,,,0.4133615,0.9972812,1.8973432
Equation 7,34,0.008920817,0.000885629,1.75E-06,,,,,,,,,,,,0.4133615,0.9972812,1.8973432
Equation 7,35,0.007230969,0.000725683,1.44E-06,,,,,,,,,,,,0.4133615,0.9972812,1.8973432
Equation 7,36,0.005861437,0.000594619,1.18E-06,,,,,,,,,,,,0.4133615,0.9972812,1.8973432
Equation 7,37,0.004751471,0.000487224,9.63E-07,,,,,,,,,,,,0.4133615,0.9972812,1.8973432
Equation 7,38,0.003851846,0.000399224,7.89E-07,,,,,,,,,,,,0.4133615,0.9972812,1.8973432
Equation 7,39,0.003122675,0.000327117,6.46E-07,,,,,,,,,,,,0.4133615,0.9972812,1.8973432
Equation 7,40,0.002531642,0.000268033,5.29E-07,,,,,,,,,,,,0.4133615,0.9972812,1.8973432
Equation 7,41,0.002052557,0.000219621,4.33E-07,,,,,,,,,,,,0.4133615,0.9972812,1.8973432
Equation 7,42,0.001664202,0.000179952,3.54E-07,,,,,,,,,,,,0.4133615,0.9972812,1.8973432
Equation 7,43,0.001349382,0.000147449,2.90E-07,,,,,,,,,,,,0.4133615,0.9972812,1.8973432
Equation 7,44,0.001094162,0.000120816,2.38E-07,,,,,,,,,,,,0.4133615,0.9972812,1.8973432
Equation 7,45,0.000887251,9.90E-05,1.94E-07,,,,,,,,,,,,0.4133615,0.9972812,1.8973432
Equation 7,46,0.000719497,8.11E-05,1.59E-07,,,,,,,,,,,,0.4133615,0.9972812,1.8973432
Equation 7,47,0.000583486,6.65E-05,1.30E-07,,,,,,,,,,,,0.4133615,0.9972812,1.8973432
Equation 7,48,0.000473205,5.45E-05,1.07E-07,,,,,,,,,,,,0.4133615,0.9972812,1.8973432
Equation 7,49,0.000383784,4.46E-05,8.74E-08,,,,,,,,,,,,0.4133615,0.9972812,1.8973432
Equation 7,50,0.000311273,3.66E-05,7.15E-08,,,,,,,,,,,,0.4133615,0.9972812,1.8973432
Equation 7,51,0.000252473,3.00E-05,5.86E-08,,,,,,,,,,,,0.4133615,0.9972812,1.8973432
Equation 7,52,0.000204789,2.45E-05,4.80E-08,,,,,,,,,,,,0.4133615,0.9972812,1.8973432
Equation 7,53,0.000166118,2.01E-05,3.93E-08,,,,,,,,,,,,0.4133615,0.9972812,1.8973432
Equation 7,54,0.000134754,1.65E-05,3.21E-08,,,,,,,,,,,,0.4133615,0.9972812,1.8973432
Equation 7,55,0.000109317,1.35E-05,2.63E-08,,,,,,,,,,,,0.4133615,0.9972812,1.8973432
Equation 7,56,8.87E-05,1.11E-05,2.15E-08,,,,,,,,,,,,0.4133615,0.9972812,1.8973432
Equation 7,57,7.20E-05,9.07E-06,1.76E-08,,,,,,,,,,,,0.4133615,0.9972812,1.8973432
Equation 7,58,5.84E-05,7.43E-06,1.44E-08,,,,,,,,,,,,0.4133615,0.9972812,1.8973432
Equation 7,59,4.74E-05,6.09E-06,1.18E-08,,,,,,,,,,,,0.4133615,0.9972812,1.8973432
Equation 7,60,3.84E-05,4.99E-06,9.68E-09,,,,,,,,,,,,0.4133615,0.9972812,1.8973432
Equation 7,61,3.12E-05,4.09E-06,7.93E-09,,,,,,,,,,,,0.4133615,0.9972812,1.8973432
Equation 7,62,2.53E-05,3.35E-06,6.49E-09,,,,,,,,,,,,0.4133615,0.9972812,1.8973432
Equation 7,63,2.05E-05,2.74E-06,5.31E-09,,,,,,,,,,,,0.4133615,0.9972812,1.8973432
Equation 7,64,1.67E-05,2.25E-06,4.35E-09,,,,,,,,,,,,0.4133615,0.9972812,1.8973432
Equation 7,65,1.35E-05,1.84E-06,3.56E-09,,,,,,,,,,,,0.4133615,0.9972812,1.8973432
Equation 7,66,1.10E-05,1.51E-06,2.92E-09,,,,,,,,,,,,0.4133615,0.9972812,1.8973432
Equation 7,67,8.91E-06,1.24E-06,2.39E-09,,,,,,,,,,,,0.4133615,0.9972812,1.8973432
Equation 7,68,7.23E-06,1.01E-06,1.95E-09,,,,,,,,,,,,0.4133615,0.9972812,1.8973432
Equation 7,69,5.87E-06,8.30E-07,1.60E-09,,,,,,,,,,,,0.4133615,0.9972812,1.8973432
Equation 7,70,4.76E-06,6.80E-07,1.31E-09,,,,,,,,,,,,0.4133615,0.9972812,1.8973432
Equation 7,71,3.87E-06,5.57E-07,1.07E-09,,,,,,,,,,,,0.4133615,0.9972812,1.8973432
Equation 7,72,3.14E-06,4.57E-07,8.78E-10,,,,,,,,,,,,0.4133615,0.9972812,1.8973432
Equation 7,73,2.55E-06,3.74E-07,7.19E-10,,,,,,,,,,,,0.4133615,0.9972812,1.8973432
Equation 7,74,2.07E-06,3.07E-07,5.89E-10,,,,,,,,,,,,0.4133615,0.9972812,1.8973432
Equation 7,75,1.68E-06,2.51E-07,4.82E-10,,,,,,,,,,,,0.4133615,0.9972812,1.8973432
Equation 7,76,1.36E-06,2.06E-07,3.95E-10,,,,,,,,,,,,0.4133615,0.9972812,1.8973432
Equation 7,77,1.11E-06,1.69E-07,3.23E-10,,,,,,,,,,,,0.4133615,0.9972812,1.8973432
Equation 7,78,8.99E-07,1.38E-07,2.65E-10,,,,,,,,,,,,0.4133615,0.9972812,1.8973432
Equation 7,79,7.30E-07,1.13E-07,2.17E-10,,,,,,,,,,,,0.4133615,0.9972812,1.8973432
Equation 7,80,5.93E-07,9.28E-08,1.77E-10,,,,,,,,,,,,0.4133615,0.9972812,1.8973432
Equation 7,81,4.81E-07,7.60E-08,1.45E-10,,,,,,,,,,,,0.4133615,0.9972812,1.8973432
Equation 7,82,3.91E-07,6.23E-08,1.19E-10,,,,,,,,,,,,0.4133615,0.9972812,1.8973432
Equation 7,83,3.18E-07,5.10E-08,9.73E-11,,,,,,,,,,,,0.4133615,0.9972812,1.8973432
Equation 7,84,2.58E-07,4.18E-08,7.97E-11,,,,,,,,,,,,0.4133615,0.9972812,1.8973432
Equation 7,85,2.09E-07,3.43E-08,6.52E-11,,,,,,,,,,,,0.4133615,0.9972812,1.8973432
Equation 7,86,1.70E-07,2.81E-08,5.34E-11,,,,,,,,,,,,0.4133615,0.9972812,1.8973432
Equation 7,87,1.38E-07,2.30E-08,4.37E-11,,,,,,,,,,,,0.4133615,0.9972812,1.8973432
Equation 7,88,1.12E-07,1.89E-08,3.58E-11,,,,,,,,,,,,0.4133615,0.9972812,1.8973432
Equation 7,89,9.12E-08,1.54E-08,2.93E-11,,,,,,,,,,,,0.4133615,0.9972812,1.8973432
Equation 7,90,7.41E-08,1.27E-08,2.40E-11,,,,,,,,,,,,0.4133615,0.9972812,1.8973432
Equation 7,91,6.02E-08,1.04E-08,1.97E-11,,,,,,,,,,,,0.4133615,0.9972812,1.8973432
Equation 7,92,4.89E-08,8.50E-09,1.61E-11,,,,,,,,,,,,0.4133615,0.9972812,1.8973432
Equation 7,93,3.97E-08,6.96E-09,1.32E-11,,,,,,,,,,,,0.4133615,0.9972812,1.8973432
Equation 7,94,3.23E-08,5.71E-09,1.08E-11,,,,,,,,,,,,0.4133615,0.9972812,1.8973432
Equation 7,95,2.62E-08,4.68E-09,8.83E-12,,,,,,,,,,,,0.4133615,0.9972812,1.8973432
Equation 7,96,2.13E-08,3.83E-09,7.22E-12,,,,,,,,,,,,0.4133615,0.9972812,1.8973432
Equation 7,97,1.73E-08,3.14E-09,5.92E-12,,,,,,,,,,,,0.4133615,0.9972812,1.8973432
Equation 7,98,1.41E-08,2.57E-09,4.84E-12,,,,,,,,,,,,0.4133615,0.9972812,1.8973432
Equation 7,99,1.14E-08,2.11E-09,3.97E-12,,,,,,,,,,,,0.4133615,0.9972812,1.8973432
Equation 7,100,9.29E-09,1.73E-09,3.25E-12,,,,,,,,,,,,0.4133615,0.9972812,1.8973432
